<?xml version="1.0" encoding="UTF-8"?>
<project>
  <extend>../project.xml</extend>
  
  <pomVersion>3</pomVersion>
  <name>args4j</name>
  <id>args4j</id>
  
  <dependencies>
    <dependency>
      <id>ant</id>
      <version>1.5</version>
    </dependency>
    <!--dependency>
      <id></id>
      <version></version>
    </dependency-->
  </dependencies>
  
  <build>
    <nagEmailAddress>kk@kohsuke.org</nagEmailAddress>
    
    <sourceDirectory>src</sourceDirectory>
    <unitTestSourceDirectory>test</unitTestSourceDirectory>

    <!-- Resources that are packaged up inside the JAR file -->
    <resources>
      <resource>
        <directory>src</directory>
        <includes>
          <include>**/*.properties</include>
          <include>META-INF/services/*</include>
        </includes>
      </resource>
    </resources>
    
    <!-- Unit test classes -->
    <unitTest>
      <includes>
        <include>**/Test*.java</include>
      </includes>
    </unitTest>
  </build>
</project>
